{"cameraMode":{"drawMode":0,"name":"Shaded","section":"Shading Mode"},"sceneLighting":true,"audioPlay":false,"sceneViewState":{"m_AlwaysRefresh":false,"showFog":true,"showSkybox":true,"showFlares":true,"showImageEffects":true,"showParticleSystems":true,"showVisualEffectGraphs":true,"m_FxEnabled":true},"in2DMode":false,"pivot":{"x":-2.795132637023926,"y":-0.0029859542846679689,"z":4.300792217254639},"rotation":{"x":-0.14447049796581269,"y":0.8119268417358398,"z":-0.22629006206989289,"w":-0.5183591842651367},"size":8.918919563293457,"orthographic":false}