{"cameraMode":{"drawMode":0,"name":"Shaded","section":"Shading Mode"},"sceneLighting":false,"audioPlay":false,"sceneViewState":{"m_AlwaysRefresh":false,"showFog":true,"showSkybox":false,"showFlares":true,"showImageEffects":true,"showParticleSystems":true,"showVisualEffectGraphs":true,"m_FxEnabled":true},"in2DMode":false,"pivot":{"x":-6.57293701171875,"y":0.09000003337860108,"z":-15.957216262817383},"rotation":{"x":0.04231969639658928,"y":-0.7897489070892334,"z":0.05480732023715973,"w":0.6095325946807861},"size":3.7266151905059816,"orthographic":false}