{"cameraMode":{"drawMode":0,"name":"Shaded","section":"Shading Mode"},"sceneLighting":false,"audioPlay":false,"sceneViewState":{"m_AlwaysRefresh":false,"showFog":true,"showSkybox":false,"showFlares":true,"showImageEffects":true,"showParticleSystems":true,"showVisualEffectGraphs":true,"m_FxEnabled":true},"in2DMode":false,"pivot":{"x":-0.9311370849609375,"y":-0.0699949562549591,"z":1.7896418571472169},"rotation":{"x":0.0011893053306266666,"y":-0.7565350532531738,"z":0.0013498775660991669,"w":0.6539719700813294},"size":8.579373359680176,"orthographic":false}