{"cameraMode":{"drawMode":0,"name":"Shaded","section":"Shading Mode"},"sceneLighting":true,"audioPlay":false,"sceneViewState":{"m_AlwaysRefresh":false,"showFog":true,"showSkybox":true,"showFlares":true,"showImageEffects":true,"showParticleSystems":true,"showVisualEffectGraphs":true,"m_FxEnabled":true},"in2DMode":false,"pivot":{"x":0.08116680383682251,"y":0.24107900261878968,"z":0.056257862597703937},"rotation":{"x":0.0011893053306266666,"y":-0.7565350532531738,"z":0.0013498775660991669,"w":0.6539719700813294},"size":1.00362229347229,"orthographic":false}