{"cameraMode":{"drawMode":0,"name":"Shaded","section":"Shading Mode"},"sceneLighting":false,"audioPlay":false,"sceneViewState":{"m_AlwaysRefresh":false,"showFog":true,"showSkybox":false,"showFlares":true,"showImageEffects":true,"showParticleSystems":true,"showVisualEffectGraphs":true,"m_FxEnabled":true},"in2DMode":false,"pivot":{"x":3.2243423461914064,"y":7.940115451812744,"z":-17.320026397705079},"rotation":{"x":0.04231969639658928,"y":-0.7897489070892334,"z":0.05480732023715973,"w":0.6095325946807861},"size":23.474506378173829,"orthographic":false}