{"cameraMode":{"drawMode":0,"name":"Shaded","section":"Shading Mode"},"sceneLighting":false,"audioPlay":false,"sceneViewState":{"m_AlwaysRefresh":false,"showFog":true,"showSkybox":false,"showFlares":true,"showImageEffects":true,"showParticleSystems":true,"showVisualEffectGraphs":true,"m_FxEnabled":true},"in2DMode":false,"pivot":{"x":11.325769424438477,"y":0.07800006866455078,"z":-2.0111589431762697},"rotation":{"x":0.04231969639658928,"y":-0.7897489070892334,"z":0.05480732023715973,"w":0.6095325946807861},"size":7.871720790863037,"orthographic":false}