{"cameraMode":{"drawMode":0,"name":"Shaded","section":"Shading Mode"},"sceneLighting":false,"audioPlay":false,"sceneViewState":{"m_AlwaysRefresh":false,"showFog":true,"showSkybox":false,"showFlares":true,"showImageEffects":true,"showParticleSystems":true,"showVisualEffectGraphs":true,"m_FxEnabled":true},"in2DMode":false,"pivot":{"x":-10.625001907348633,"y":0.9470000267028809,"z":-3.750002145767212},"rotation":{"x":0.04231969639658928,"y":-0.7897489070892334,"z":0.05480732023715973,"w":0.6095325946807861},"size":11.307089805603028,"orthographic":false}